date,time,text,media
"2024-01-09","09:00 AM","ğŸš€ Just launched Luminous Nix on Hacker News!\n\nMaking NixOS speak human: ""install firefox"" â†’ it just works\n\nBuilt in 2 weeks for $200 (enterprise quoted $4.2M!)\n\nHN: [LINK]\nGitHub: https://github.com/Luminous-Dynamics/luminous-nix\n\n#ShowHN #NixOS #OpenSource",""
"2024-01-09","10:00 AM","âš¡ How we achieved 10x-1500x performance:\n\nSkip subprocess â†’ Use Python-Nix API directly\n\nBefore: 45s timeout on complex operations\nAfter: 30ms response time\n\nThe secret? Native integration.\n\nDetails: https://github.com/Luminous-Dynamics/luminous-nix\n\n#Performance #Python",""
"2024-01-09","11:00 AM","ğŸ‘µ Meet Grandma Rose, one of our 10 personas:\n\n""Dear, to see your photos, just say 'install photo viewer'""\n\nNo terminal. No commands. Just natural language.\n\nTech should adapt to humans, not the other way around.\n\nTry it: https://github.com/Luminous-Dynamics/luminous-nix",""
"2024-01-09","12:00 PM","ğŸ¤ Sacred Trinity Development:\n\nHuman (me): Vision & testing\nClaude: Architecture & implementation  \nLocal LLM: NixOS expertise\n\nTotal cost: $200\nTime: 2 weeks\nResult: What enterprises couldn't build for $4.2M\n\nThe future of development is here.",""
"2024-01-09","01:00 PM","ğŸŒŸ 100+ stars in 4 hours!\n\nThank you, amazing community!\n\nJoin us:\nDiscord: https://discord.gg/TWSVAXHC\nGitHub: https://github.com/Luminous-Dynamics/luminous-nix\n\nEvery star helps someone discover easier Linux!\n\n#OpenSource #Community",""
"2024-01-09","02:00 PM","ğŸ¯ Error messages that actually help:\n\nTraditional NixOS:\n""error: attribute 'fierfox' missing""\n\nLuminous Nix:\n""Did you mean 'firefox'? To install:\nask-nix 'install firefox'""\n\nWe teach, not just report.\n\n#UX #DeveloperExperience",""
"2024-01-09","03:00 PM","ğŸ§µ Quick demo thread:\n\n1/ Install a package:\nask-nix ""install firefox""\n\n2/ Create dev environment:\nask-nix ""create python development setup""\n\n3/ Debug issues:\nask-nix ""why is my wifi not working?""\n\n4/ Time travel:\nask-nix ""rollback to yesterday""\n\nNo memorization needed!",""
"2024-01-09","04:00 PM","ğŸ‰ We're #3 on Show HN!\n\nThis is incredible! Thank you everyone!\n\nIf you haven't yet:\nâ­ Star: https://github.com/Luminous-Dynamics/luminous-nix\nğŸ”¼ Upvote: [HN LINK]\nğŸ’¬ Share with someone who struggles with Linux\n\nLet's make tech accessible to everyone!",""
"2024-01-09","05:00 PM","ğŸŒ… 8 hours since launch:\n\nâœ… 200+ GitHub stars\nâœ… 150+ HN upvotes  \nâœ… 100+ Discord members\nâœ… 10+ contributors\nâœ… 0 stress (thanks to automation!)\n\nBut the best part? Messages from people saying ""finally, I can use NixOS!""\n\nWorth every hour. ğŸ’™",""
"2024-01-09","06:00 PM","ğŸ› ï¸ Want to contribute?\n\nWe need:\nâ€¢ Testers (all skill levels!)\nâ€¢ Documentation writers\nâ€¢ UI/UX feedback\nâ€¢ Package definitions\nâ€¢ Bug hunters\n\nStart here: https://github.com/Luminous-Dynamics/luminous-nix/blob/main/CONTRIBUTING.md\n\nLet's build this together!",""
